hardware_category,total_importance,feature_count
processor,0.2304799193702812,6
graphics,0.09406294157071005,2
ram,0.08817753612037571,2
storage,0.057560063781989766,3
screen,0.04599501222808814,3
